#####################;x
##### PROVINCES #####;x {
#####################;x
PROV1;Healleah;x
PROV2;Eryn Anwar Rhúnen;x
PROV3;Imardhath;x
PROV4;Bar Astorion;x
PROV5;Queen's Ribbon;x
PROV6;Upburna;x
PROV7;Bar Fordelin;x
PROV8;Parth Lisc;x
PROV9;Cirithost;x
PROV10;Cair Andros;x
PROV11;Tawar-in-Drúedain;x
PROV12;Royalfold;x
PROV13;Parth Forant;x
PROV14;West Osgiliath;x
PROV15;Benish Armon;x
PROV16;Minas Tirith;x
PROV17;Pelennor;x
PROV18;Broadacres;x
PROV19;Harlond;x
PROV20;Bar Enqui;x
PROV21;Ost Norhír;x
PROV22;Deeping-coomb;x
PROV23;Imloth Melui;x
PROV24;Aegollant;x
PROV25;Galdir's Dell;x
PROV26;Bar Luindol;x
PROV27;Minas Arnach;x
PROV28;Minas Arthor;x
PROV29;Tumladen;x
PROV30;Bredford;x
PROV31;Witegawic;x
PROV32;Iaurost;x
PROV33;Ost Anglebed;x
PROV34;Amon Draug;x
PROV35;Lanrain;x
PROV36;Bar Gilcûdor;x
PROV37;Minas Brethil;x
PROV38;Dinluchyn;x
PROV39;Erynos;x
PROV40;Edenathrad;x
PROV41;Minlos;x
PROV42;Halach;x
PROV43;Bar Dirnen;x
PROV44;Pelargir;x
PROV45;Dol Calemir;x
PROV46;Bar Annúnaid;x
PROV47;Arnbâd;x
PROV48;Aerthir;x
PROV49;Ethir;x
PROV50;Tol Forethir;x
PROV51;Fanuilond;x
PROV52;Sarnhad;x
PROV53;Ethillorn;x
PROV54;Caras Tolfalas;x
PROV55;Gilros;x
PROV56;Gobel Tolfalas;x
PROV57;Linhir;x
PROV58;Dol Brannor;x
PROV59;Angílien;x
PROV60;Thônfalas;x
PROV61;Gwaelad;x
PROV62;Eregost;x
PROV63;Methrast;x
PROV64;Gildor's Halls;x
PROV65;Endil;x
PROV66;Bared Rillen;x
PROV67;Nan Duilwen;x
PROV68;Taur Iaur-en-Enyd;x
PROV69;Rámamár;x
PROV70;Woodhold;x
PROV71;Dol Amroth;x
PROV72;Cirith Dudhrandir;x
PROV73;Galibur;x
PROV74;Amrûnaur;x
PROV75;Cûm Taran;x
PROV76;Nan Rochben;x
PROV77;Ost Lonntir;x
PROV78;Edhellond;x
PROV79;Bar Uial;x
PROV80;Tirith Faron;x
PROV81;Spathlin;x
PROV82;Eilendoth;x
PROV83;Tarnost;x
PROV84;Bar Luimen;x
PROV85;Pelin;x
PROV86;Nan Gilrain;x
PROV87;Eastremed;x
PROV88;Din-Lamedon;x
PROV89;Ethring;x
PROV90;Nan Tauron;x
PROV91;Stokesburg;x
PROV92;Calembel;x
PROV93;Bar Elir;x
PROV94;Meadburg;x
PROV95;Celondim;x
PROV96;Dínadab;x
PROV97;Minas Anghen;x
PROV98;Glanhir;x
PROV99;Cluddiorhath;x
PROV100;Tarlang's Neck;x
PROV101;Garth Lotheg;x
PROV102;Sardol;x
PROV103;Nineryn;x
PROV104;Mornen;x
PROV105;Erech;x
PROV106;Dor-i-Gwendir;x
PROV107;Tingobel;x
PROV108;Felagram;x
PROV109;Gapholt;x
PROV110;Paths of the Dead;x
PROV111;Sarn Athrad;x
PROV112;Cabed Angren;x
PROV113;Alagrant;x
PROV114;Rendûl;x
PROV115;Arnandath;x
PROV116;White Mountains;x
PROV117;Umb Estelwain;x
PROV118;Rond Randir;x
PROV119;Nan Lyghiril;x
PROV120;Annúbad;x
PROV121;Tirith Cobas;x
PROV122;Corgonin;x
PROV123;Calenhirost;x
PROV124;Rhuvel-cadlus;x
PROV125;Dun Morbet;x
PROV126;Archet;x
PROV127;Nobottle;x
PROV128;Eryn Laegol;x
PROV129;Barad Loën;x
PROV130;Rondalph;x
PROV131;Gwânos;x
PROV132;Iantras;x
PROV133;Lond Galen;x
PROV134;Serelond;x
PROV135;Ram Galen;x
PROV136;Eredimar;x
PROV137;Bar-i-Dinuviel;x
PROV138;Aerost;x
PROV139;Lómost;x
PROV140;Holmgeirstadur;x
PROV141;Kotstó;x
PROV142;Annon Drúin;x
PROV143;Annúlond;x
PROV144;Nan Ferensiril;x
PROV145;Midgewater;x
PROV146;Adavalinda;x
PROV147;Barad Narn;x
PROV148;Crick;x
PROV149;Tir Eliant;x
PROV150;Gorbelgod;x
PROV151;Ered Mithrin;x
PROV152;Nan Celgalen;x
PROV153;Dol Gwaer;x
PROV154;Saerthondost;x
PROV155;Pinnornost;x
PROV156;Nan Haldanen;x
PROV157;Bar Faroth;x
PROV158;Cirith Iaur;x
PROV159;Tum-na-Ceryn;x
PROV160;Bar Caraghîr;x
PROV161;Bar-en-Lilthor;x
PROV162;Hwálond;x
PROV163;Haerlond;x
PROV164;Hwarîn;x
PROV165;Tharagrondost;x
PROV166;Cirith Aralanthir;x
PROV167;Hórin's Tower;x
PROV168;Tumbrui;x
PROV169;Courc;x
PROV170;Rast Rangen;x
PROV171;Perth Maewrim;x
PROV172;Rast Nimrais;x
PROV173;Perth-i-Certémar;x
PROV174;Ñynd;x
PROV175;Nan Lhinnhir;x
PROV176;Hollowcliff;x
PROV177;Nan Hwanhir;x
PROV178;Eryn-in-Úanhoth;x
PROV179;Cirith Nimrais;x
PROV180;Imlad Arheledh;x
PROV181;Cûm Arelaidh;x
PROV182;Annúgar;x
PROV183;Annogwain;x
PROV184;An Côsa Brâs;x
PROV185;Nan Brilthor;x
PROV186;Lower Nan Achasirith;x
PROV187;Hwalord;x
PROV188;Bar Elmar;x
PROV189;Perth Pûkel;x
PROV190;Upper Nan Achasirith;x
PROV191;Andrast Mountains;x
PROV192;Geann a-Lish;x
PROV193;White Mountains;x
PROV194;Emyn Pûkel;x
PROV195;Eryn Ain;x
PROV196;Eryn Tamlin;x
PROV197;Nan Lhyg;x
PROV198;East Osgiliath;x
PROV199;Taur Ithilien;x
PROV200;Cormalthen;x
PROV201;Henneth Annûn;x
PROV202;Ered Lithui;x
PROV203;Ephel Dúath;x
PROV204;Ithilduin;x
PROV205;Barad Othnir;x
PROV206;Adab Elenmir;x
PROV207;Ostithil;x
PROV208;Rianbar;x
PROV209;Tinnenost;x
PROV210;Thindamost;x
PROV211;Barad Telagar;x
PROV212;Tir Ethraid;x
PROV213;Hyarpendë;x
PROV214;Aludor;x
PROV215;Gondraim;x
PROV216;Athrad Poros;x
PROV217;Dol Ereb;x
PROV218;Barad Hyarmentië;x
PROV219;Andâ-Kadar;x
PROV220;Parth Morvegil;x
PROV221;Ausk Laer;x
PROV222;Barad Laer;x
PROV223;Pindos;x
PROV224;Parth Forlindon;x
PROV225;Glamorgarth;x
PROV226;Methir;x
PROV227;Eithel Túrin;x
PROV228;Barad Harn;x
PROV229;Nen Falastir;x
PROV230;Ausk Adûnê;x
PROV231;Has Adri;x
PROV232;Kas Marzúk;x
PROV233;An Sakal;x
PROV234;Has Yayb;x
PROV235;Korb Ugarta;x
PROV236;Has Sebiya;x
PROV237;Nan Lórnen;x
PROV238;Tharven;x
PROV239;Athrad Hingren;x
PROV240;Tiras Amrûn;x
PROV241;Ausk Harmaka;x
PROV242;Harmindon;x
PROV243;Karmâh;x
PROV244;Pin Hingrin;x
PROV245;Milome-i-Tarma;x
PROV246;Galenwath;x
PROV247;Minas Menost;x
PROV248;Parth Aegthelion;x
PROV249;Amon Eithel;x
PROV250;Bar Malduin;x
PROV251;Ausk Dubat;x
PROV252;Makalkukhizdín;x
PROV253;Imlad Burús;x
PROV254;Kerghila;x
PROV255;Gilin;x
PROV256;Abârloni;x
PROV257;Sûk Óda;x
PROV258;Kás Shafrá;x
PROV259;Sûkh an-Khôr;x
PROV260;Sûk Asní;x
PROV261;Dibís;x
PROV262;Números;x
PROV263;Erelond;x
PROV264;Caldûr;x
PROV265;Eradas;x
PROV266;Isigir;x
PROV267;Barazôn;x
PROV268;Bûr Anwarmen;x
PROV269;Undeeps;x
PROV270;Umbar;x
PROV271;Batina;x
PROV272;Pellardûr;x
PROV273;Ardûmir;x
PROV274;Dol Annabrith;x
PROV275;Sarkâna;x
PROV276;Nan Salásso;x
PROV277;Horseman's Gap;x
PROV278;Urdwaith;x
PROV279;Tuwurdrog;x
PROV280;An Pharaz;x
PROV281;Coelagit;x
PROV282;An Ruilin;x
PROV283;An Zalím;x
PROV284;Ausk Parch;x
PROV285;Blacksand Vale;x
PROV286;Gobel Ancalimon;x
PROV287;Sôk Abârrim;x
PROV288;Muzdal Ifar;x
PROV289;Trihja Pek;x
PROV290;Abrakhân;x
PROV291;Nôr-Dûm;x
PROV292;Feäh;x
PROV293;Upper Nun Gazir;x
PROV294;Lower Nun Gazir;x
PROV295;Haz Azuhmeda;x
PROV296;Minered Luin;x
PROV297;Tereze;x
PROV298;Ausk Lûrm;x
PROV299;Mikarin Peh;x
PROV300;Alag Rôkhbin;x
PROV301;Parkhereb;x
PROV302;Parth Peka;x
PROV303;Krûk Azbanna;x
PROV304;Ôvatharak;x
PROV305;Naur Imloth;x
PROV306;Ered Harmal;x
PROV307;Amon Sûl;x
PROV308;Narumbulot;x
PROV309;Layotan;x
PROV310;Marêsh;x
PROV311;Zhaneen;x
PROV312;Nan Kuvango;x
PROV313;Brafenas;x
PROV314;Nan Belechir;x
PROV315;Ankruz;x
PROV316;Parth Aertirith;x
PROV317;Oasis of the Five Palms;x
PROV318;Sicánna;x
PROV319;An Karagmir;x
PROV320;Cynor;x
PROV321;Marg Murak;x
PROV322;Haradwaith;x
PROV323;Haradwaith;x
PROV324;Haradwaith;x
PROV325;Haradwaith;x
PROV326;Haradwaith;x
PROV327;Haradwaith;x
PROV328;Haradwaith;x
PROV329;Haradwaith;x
PROV330;Haradwaith;x
PROV331;Haradwaith;x
PROV332;Haradwaith;x
PROV333;Haradwaith;x
PROV334;Korb Traskal;x
PROV335;Kupsha;x
PROV336;Kas Pezar;x
PROV337;Ausk Amrûn;x
PROV338;Talath Amrûn;x
PROV339;Velsinir;x
PROV340;Kôrb Chelkar;x
PROV341;Lugarlûr;x
PROV342;Hûk Saromis;x
PROV343;Gizar;x
PROV344;Bokhanâz Pass;x
PROV345;Ershawar;x
PROV346;Bogath;x
PROV347;Pâzghar;x
PROV348;Krûk Mahûr;x
PROV349;Hatherbold;x
PROV350;Korondaj;x
PROV351;Parzû;x
PROV352;Talazhan;x
PROV353;Barraq;x
PROV354;Enmahadh;x
PROV355;Flyiarstadur;x
PROV356;Varnakh;x
PROV357;Ka'hae;x
PROV358;Hrôn Tûmrakhi;x
PROV359;Resday;x
PROV360;Sharater;x
PROV361;Desert of Khand;x
PROV362;Sturlûrza Khand;x
PROV363;Laôrki;x
PROV364;Azagarbhun;x
PROV365;Buckland;x
PROV366;Ammû Khand;x
PROV367;Alagoth;x
PROV368;Akhârn;x
PROV369;Desert of Khand;x
PROV370;Desert of Khand;x
PROV371;Desert of Khand;x
PROV372;Norhithe;x
PROV373;Plains of Khandur;x
PROV374;Ala Plains;x
PROV375;Kharsûm;x
PROV376;Ikh'ahôn;x
PROV377;Engiz;x
PROV378;Ûbesêsh;x
PROV379;Ôlbamarl Plains;x
PROV380;Ôlbamârl;x
PROV381;Valley of the Fell Beasts;x
PROV382;Nan Ungol;x
PROV383;Hlastûon;x
PROV384;Ered Harmal;x
PROV385;Pashâr;x
PROV386;Mûrilak;x
PROV387;Lagari Ôrath;x
PROV388;Eastern Plains;x
PROV389;Lhûg;x
PROV390;Nebûrkha;x
PROV391;Khandu Sûbi;x
PROV392;Nûrad;x
PROV393;Kudnûvra;x
PROV394;Mûldin;x
PROV395;Lhugdol;x
PROV396;Steinholl;x
PROV397;Lug-Ghurzûn;x
PROV398;Virk-Ulgath;x
PROV399;Bûth Ovaisa;x
PROV400;Orduga Aivaisa;x
PROV401;Zarôk Ioriag;x
PROV402;Kâlez;x
PROV403;Bar Dúath;x
PROV404;Luglûrak;x
PROV405;Kûl Tarkorûl;x
PROV406;Cirith Nuraz-Shukh;x
PROV407;Ephel Dúath;x
PROV408;Mauhulakh;x
PROV409;Núrumurl;x
PROV410;Lag-Wrashfhotak;x
PROV411;Urlurzu Núrn;x
PROV412;Shûrlurza-nûru;x
PROV413;Caran;x
PROV414;Eastern Guard;x
PROV415;Nan Morlith;x
PROV416;Burkh Núrn;x
PROV417;Núrngost;x
PROV418;Thaurband;x
PROV419;Ongrog;x
PROV420;Rûl;x
PROV421;Morigost;x
PROV422;Kûtot Vâdôk;x
PROV423;Seregost;x
PROV424;Minas Dûrlith;x
PROV425;Ered Lithui;x
PROV426;Plain of the Black Steeds;x
PROV427;Kirithgal;x
PROV428;Mulbúrz;x
PROV429;Lag-Digturmarr;x
PROV430;Lag-Zayarzot;x
PROV431;Nargroth;x
PROV432;Maegond Spur;x
PROV433;Minas Morgul;x
PROV434;Cirith Ungol;x
PROV435;Barad Ungol;x
PROV436;Kra-Búrzum;x
PROV437;Mithram Spur;x
PROV438;Katund Akûl;x
PROV439;Lag-Flaksharbtur;x
PROV440;Durshatîgum;x
PROV441;Tower of the Mouth;x
PROV442;Wagnuholl;x
PROV443;Torech Ungol;x
PROV444;Lugshar;x
PROV445;Nan Ilinló;x
PROV446;Erland's Ferry;x
PROV447;Lag-Uyakdagûl;x
PROV448;Orodruin;x
PROV449;Barad-dûr;x
PROV450;Maur Tulhau;x
PROV451;Long Marshes;x
PROV452;Carach Angren;x
PROV453;Ephel Dúath;x
PROV454;Hayat-taim;x
PROV455;Morannon;x
PROV456;Lag-Dagûr;x
PROV457;Thuringwathost;x
PROV458;Eithel Celebrin;x
PROV459;Dead Marshes;x
PROV460;Tirith Nindor;x
PROV461;Caras Gwindor;x
PROV462;Tel Verenear;x
PROV463;Gobel Dalrandil;x
PROV464;Tel Belarin;x
PROV465;Amon Lhaw;x
PROV466;Sarn Gebir;x
PROV467;Tirith Ingon;x
PROV468;Duinmenos;x
PROV469;Nan Lothanduin;x
PROV470;Barandor;x
PROV471;Stainringo;x
PROV472;Rómenost;x
PROV473;Tol Malbor;x
PROV474;Tirith Nimmen;x
PROV475;Burh Anthar;x
PROV476;Kravod;x
PROV477;Ursh Lanna;x
PROV478;Kleinibriost;x
PROV479;Dúrnost;x
PROV480;Burh Rilagad;x
PROV481;Nan Thorn Sîr;x
PROV482;Lag-Hundur;x
PROV483;Ashkirir;x
PROV484;Hidruvotar;x
PROV485;Western Horse Plains;x
PROV486;Eastern Horse Plains;x
PROV487;Carvarad;x
PROV488;Lag-Ulurikon;x
PROV489;Burh Padareiks;x
PROV490;Amarthost;x
PROV491;Burh Ermanarikis;x
PROV492;Stainah Westa;x
PROV493;Fiskost;x
PROV494;Talath Sagath;x
PROV495;Talath Urés;x
PROV496;Othir;x
PROV497;Emyn Rhain;x
PROV498;Orod-na-Thon;x
PROV499;Talath Rewinion;x
PROV500;Burh Gadraughts;x
PROV501;Burh Beorills;x
PROV502;Emyn Rewinion;x
PROV503;Anawunung;x
PROV504;Brunnaborg;x
PROV505;Waysendstede;x
PROV506;Skalkerborg;x
PROV507;Othlebed;x
PROV508;Burh Szes;x
PROV509;Taur Devana;x
PROV510;Esegel;x
PROV511;Bereg;x
PROV512;Burh Vise;x
PROV513;Dobok Bron;x
PROV514;Nan Sorna;x
PROV515;Askal;x
PROV516;Mael;x
PROV517;Skatturborg;x
PROV518;Mekeilaist;x
PROV519;Vidusborg;x
PROV520;Hleiborg;x
PROV521;Waldmearborg;x
PROV522;Waldlesborg;x
PROV523;Sauthborg;x
PROV524;Merrborg;x
PROV525;Eolborg;x
PROV526;Fulginhaim;x
PROV527;Alanborg;x
PROV528;Baulaborg;x
PROV529;Talath Dunheath;x
PROV530;Ardruiga Vale;x
PROV531;Taur Arkran;x
PROV532;Ilanin;x
PROV533;Haradruin;x
PROV534;Nan Dónu;x
PROV535;Karfas;x
PROV536;Far Bank;x
PROV537;Tretoborg;x
PROV538;Halies;x
PROV539;Sant Annui;x
PROV540;Nagy;x
PROV541;Gyula;x
PROV542;Mariborg;x
PROV543;Pardfan;x
PROV544;Szrel-Kain;x
PROV545;Riavod;x
PROV546;Peloborg;x
PROV547;Velenborg;x
PROV548;Gweletha Vale;x
PROV549;Scarakikot;x
PROV550;Dradorny-Arnas;x
PROV551;Eastern Hills;x
PROV552;Galgorin;x
PROV553;Uldonavan;x
PROV554;Szrel-Arkasa;x
PROV555;Nurunkkhizdín;x
PROV556;Kheled-nâla;x
PROV557;Naigos;x
PROV558;Ebnathiudaborg;x
PROV559;Lest;x
PROV560;Dourband;x
PROV561;Sumna;x
PROV562;Severna;x
PROV563;Or-sarn;x
PROV564;Dilgul;x
PROV565;Radimich;x
PROV566;Mistrand;x
PROV567;Luts;x
PROV568;Burh Pris;x
PROV569;Burh Boro;x
PROV570;Ulichi;x
PROV571;Sharukan;x
PROV572;Lower Ros Vale;x
PROV573;Berendi;x
PROV574;Kovui;x
PROV575;Kahar;x
PROV576;Hallorn;x
PROV577;Khurvasagh;x
PROV578;Togrul-para;x
PROV579;Upper Ros Vale;x
PROV580;Torkil;x
PROV581;Dauma-para;x
PROV582;Meladunya;x
PROV583;Saraï;x
PROV584;Várfest;x
PROV585;Rhûkan;x
PROV586;Ciranthir;x
PROV587;Asdriagien Lîtto;x
PROV588;Tuaremindon;x
PROV589;Zolotaja Orda;x
PROV590;Burh Von;x
PROV591;Burh Bozor;x
PROV592;Burh Pol;x
PROV593;Burh Usor;x
PROV594;Burh Chern;x
PROV595;Karoda;x
PROV596;Taur Urgov;x
PROV597;Lhanzaghad;x
PROV598;Larkar;x
PROV599;Sura;x
PROV600;Tset-Habaor;x
PROV601;Egil Dorn;x
PROV602;Tset-Hedren;x
PROV603;Ulkaram;x
PROV604;Burh Kuga;x
PROV605;Burh Toro;x
PROV606;Burh Cherno;x
PROV607;Veche;x
PROV608;Sugûl;x
PROV609;Ulvas;x
PROV610;Kaldarak;x
PROV611;Suzdal;x
PROV612;Parth Syrnac;x
PROV613;Lusraig;x
PROV614;Bár-Shûal;x
PROV615;Yardir;x
PROV616;Miracaron;x
PROV617;Scarn;x
PROV618;Azjan;x
PROV619;Calterc Sart;x
PROV620;Forodim;x
PROV621;Delik;x
PROV622;Winterion Iaur;x
PROV623;Berestye;x
PROV624;Burh Spev;x
PROV625;Ilpar;x
PROV626;Sarad;x
PROV627;Burh Zuti;x
PROV628;Kardavan;x
PROV629;Lar-Sagra;x
PROV630;Carnost;x
PROV631;Szem Vale;x
PROV632;Sadvar;x
PROV633;Yad-shatan;x
PROV634;Lower Sarkar Vale;x
PROV635;Redhall;x
PROV636;Kûrk;x
PROV637;Carnentir;x
PROV638;Northwatch;x
PROV639;Lar-Huil;x
PROV640;Grasgarda;x
PROV641;Klófnakot;x
PROV642;Burh Austris;x
PROV643;Naertheiaborg;x
PROV644;Myrrborg;x
PROV645;Kaupaborg;x
PROV646;Dokkavin;x
PROV647;Riverrun;x
PROV648;Londaroth;x
PROV649;Elliborg;x
PROV650;Odriksdún;x
PROV651;Withibord;x
PROV652;Dale;x
PROV653;Hafborg;x
PROV654;Esgaroth;x
PROV655;Felagsgard;x
PROV656;Alduringard;x
PROV657;Thurasigborg;x
PROV658;Setborg;x
PROV659;Vargurat;x
PROV660;Erebor;x
PROV661;Pennstó;x
PROV662;Cirith Faedin;x
PROV663;Skessasholur;x
PROV664;Weniaborg;x
PROV665;Lar-Huz;x
PROV666;Lar-Engrin;x
PROV667;Urdharkonur;x
PROV668;Nahald-Kûdan;x
PROV669;Azanûlinbar-Dûm;x
PROV670;Barukkizdîn;x
PROV671;Lag Auris;x
PROV672;Surgax Ukog;x
PROV673;Black Heart;x
PROV674;Mearaspól;x
PROV675;Harwick;x
PROV676;Kala Dularkurth;x
PROV677;Feldburg;x
PROV678;Danuk-Khizdín;x
PROV679;Dyrn Sûil;x
PROV680;Thollakar;x
PROV681;Azagkhizdín;x
PROV682;Dain-dûm;x
PROV683;Éodunburg;x
PROV684;Nordinbad;x
PROV685;Dôm Goru;x
PROV686;Beornotham;x
PROV687;Bairaldrinno's Gate;x
PROV688;Beroacra;x
PROV689;Elrungagard;x
PROV690;Taur Edhel;x
PROV691;Celebannon;x
PROV692;Elvenking's Halls;x
PROV693;Loeglond;x
PROV694;Whiterock;x
PROV695;Upper Nan Taurduin;x
PROV696;Celebrynd;x
PROV697;Caras Amarth;x
PROV698;Celeth Iauravarion;x
PROV699;Enchanted Vale;x
PROV700;Tir Bendburn;x
PROV701;Foldbold;x
PROV702;Tauraelin;x
PROV703;Shirklunamat;x
PROV704;Sarn Goriwig;x
PROV705;Arta Ilmaryen;x
PROV706;Galadbrynd;x
PROV707;Tumsarn;x
PROV708;Burgenstath;x
PROV709;Woodmen-town;x
PROV710;Leodholt;x
PROV711;Heart of Mirkwood;x
PROV712;Aelinpâd;x
PROV713;Galbrethin;x
PROV714;Taurost Iaur;x
PROV715;Brugath Thaim;x
PROV716;Darnibaurg;x
PROV717;Cor Tauraglor;x
PROV718;Dolni Keep;x
PROV719;Cor Anglahadh;x
PROV720;Uruk-torg;x
PROV721;Ceber Fanuifuin;x
PROV722;Ost Galadh;x
PROV723;Dolentir;x
PROV724;Lughâsh;x
PROV725;Lugdûm;x
PROV726;Smalug;x
PROV727;Dol Guldur;x
PROV728;Warnelanth;x
PROV729;Blómgard;x
PROV730;Sarn Lothduin;x
PROV731;Radagast's Girdle;x
PROV732;Rhosgobel;x
PROV733;Sairthiudabaurg;x
PROV734;Leovidukas;x
PROV735;Carrock Ford;x
PROV736;Old Ford;x
PROV737;Beorn's House;x
PROV738;Isle of Bears;x
PROV739;Limlók;x
PROV740;Annâk-khurfu;x
PROV741;Tharrazhâr;x
PROV742;Zarkul-sulûn;x
PROV743;Thisledow;x
PROV744;Langwell Vale;x
PROV745;Framsburg;x
PROV746;Parth Hithrim;x
PROV747;Northern Fells;x
PROV748;Mathleisbaurg;x
PROV749;Thingastathbaurg;x
PROV750;Lone Fells;x
PROV751;Wibastath;x
PROV752;Amon Thyryn;x
PROV753;Dungirith;x
PROV754;Gobbleswell Vale;x
PROV755;Stillwalk;x
PROV756;Gladden Vale;x
PROV757;Stoor Harbor;x
PROV758;Dundok;x
PROV759;Fenbaurg;x
PROV760;Triugardabaurg;x
PROV761;Tussarlonn;x
PROV762;Nan Nimrodel;x
PROV763;Naith;x
PROV764;Cerin Amroth;x
PROV765;Caras Galadhon;x
PROV766;Hobas;x
PROV767;Lórrîw;x
PROV768;Achnod Iaun;x
PROV769;Haldirith;x
PROV770;Balewood;x
PROV771;Derndingle;x
PROV772;Lind-or-Burum;x
PROV773;Wellinghall;x
PROV774;Langhold;x
PROV775;Tirith Limlight;x
PROV776;Tirith Anduin;x
PROV777;Woldberg;x
PROV778;Eaworth;x
PROV779;Riverwatch;x
PROV780;Stowburg;x
PROV781;Sutcrofts;x
PROV782;Gwanlend;x
PROV783;Eastwall;x
PROV784;Amon Hen;x
PROV785;Mistham;x
PROV786;Fenmarch;x
PROV787;Western Firienholt;x
PROV788;Mering Marsh;x
PROV789;Éodic;x
PROV790;Aclea Reach;x
PROV791;Aldburg;x
PROV792;Snowbourne Forest;x
PROV793;Snowbourne Vale;x
PROV794;Edoras;x
PROV795;Dunharrow;x
PROV796;White Mountains;x
PROV797;Glittering Caves;x
PROV798;Hornburg;x
PROV799;Grimsburg;x
PROV800;Dunlostir;x
PROV801;Kingsteade;x
PROV802;Stonedeans;x
PROV803;Foldburg;x
PROV804;Penmark;x
PROV805;Gineard;x
PROV806;Gramburg;x
PROV807;Frecasburg;x
PROV808;Hardscadu;x
PROV809;Adornas;x
PROV810;Fréaham;x
PROV811;Angrenost;x
PROV812;Mines of Methedras;x
PROV813;Misty Mountains;x
PROV814;Riverwatch;x
PROV815;Brôntrig;x
PROV816;Dun Claddauc;x
PROV817;Hariantryn;x
PROV818;Lhan Colvarn;x
PROV819;Enedhir;x
PROV820;Bannerton;x
PROV821;Eryn Waith;x
PROV822;Lond Angren;x
PROV823;Fisherton;x
PROV824;Tor Duinair;x
PROV825;Lond Daer;x
PROV826;Alcfud;x
PROV827;Barad Colgrin;x
PROV828;Ajalion;x
PROV829;Dunhallow;x
PROV830;Anccruag;x
PROV831;Avardin;x
PROV832;Lhan Rhos;x
PROV833;Duneard;x
PROV834;Dinum;x
PROV835;Dun Larach;x
PROV836;Barad Vin;x
PROV837;Dun Andhas;x
PROV838;Forthunn;x
PROV839;Byrig;x
PROV840;Rhaeniadoc;x
PROV841;Misty Mountains;x
PROV842;Azanulbizar;x
PROV843;Moria;x
PROV844;Hollin Gate;x
PROV845;Kibil-nala;x
PROV846;Misty Mountains;x
PROV847;Bráighe Cuic;x
PROV848;Front Porch;x
PROV849;Goblin Town;x
PROV850;Misty Mountains;x
PROV851;Gongi-Dôraz;x
PROV852;Cnocc Mag Céo;x
PROV853;Cenn Móin;x
PROV854;Cnocc Tostluach;x
PROV855;Móin Dúldachd;x
PROV856;Glenn Líath;x
PROV857;Crocenn Úacht;x
PROV858;Sét Taitnem;x
PROV859;Cromm Bráighe;x
PROV860;Caill Olc;x
PROV861;Tirthon;x
PROV862;Minas Brethil;x
PROV863;Fennas Drúnin;x
PROV864;Bardol;x
PROV865;Imladris;x
PROV866;Bruinost;x
PROV867;Sirtathar;x
PROV868;Reedhaven;x
PROV869;Daergil;x
PROV870;Hollin Ridge;x
PROV871;Minas Melosse;x
PROV872;Barnas;x
PROV873;Amon Lind;x
PROV874;Ost-en-Edhil;x
PROV875;Barad Morlas;x
PROV876;Nîdadabath;x
PROV877;Flincbar;x
PROV878;Bar-en-Athpaur;x
PROV879;Baudhrach;x
PROV880;Hellion;x
PROV881;Ningliros;x
PROV882;Faelond;x
PROV883;Minas Malloth;x
PROV884;Barrow-downs;x
PROV885;Old Forest;x
PROV886;Seren;x
PROV887;Andrath;x
PROV888;Harbarist;x
PROV889;Arnach;x
PROV890;Gobel Gwaelinn;x
PROV891;Metraith;x
PROV892;Tharbad;x
PROV893;Benglaras;x
PROV894;Argond;x
PROV895;Silanir;x
PROV896;Thalion;x
PROV897;Thaendor;x
PROV898;Carnethel;x
PROV899;Cirthiel;x
PROV900;Gobel Helegnel;x
PROV901;Daelmoth;x
PROV902;Talsir;x
PROV903;Bregnas;x
PROV904;Minas Emrys;x
PROV905;Sudúri;x
PROV906;Ilfin;x
PROV907;Nadior;x
PROV908;Oyer;x
PROV909;Eryn Vorn;x
PROV910;Dol Vorn;x
PROV911;Galathilval;x
PROV912;Annon Baran;x
PROV913;Buzra-Dûm;x
PROV914;Gebir Luin;x
PROV915;Ost Dínen;x
PROV916;Pinnath Luin;x
PROV917;Khazad-zahar;x
PROV918;Nogothîr Vale;x
PROV919;Orod Elu;x
PROV920;Dor Tinúviel;x
PROV921;Rast Duilwen;x
PROV922;Amon Dior;x
PROV923;Nan Dior;x
PROV924;Roshiril;x
PROV925;Nan Legossel;x
PROV926;Lildamar;x
PROV927;Falastir;x
PROV928;Arkemar;x
PROV929;Harlond;x
PROV930;Lond-in-Telerrim;x
PROV931;Aerossîr Vale;x
PROV932;Ivrostirion;x
PROV933;Elostirion;x
PROV934;Arestirion;x
PROV935;Mithrûnlond;x
PROV936;Mithlond;x
PROV937;Nuindhae-en-Ered;x
PROV938;Imladorn;x
PROV939;Eruimar;x
PROV940;Tawarobel;x
PROV941;Annúduin Vale;x
PROV942;Buzdûm-Mazar;x
PROV943;Kibilzahar;x
PROV944;Mulkan Kaupunki;x
PROV945;Fahamgathol;x
PROV946;Talath Dûneriador;x
PROV947;Dronûn-Dûm;x
PROV948;Lond Thalos;x
PROV949;Rhomros;x
PROV950;Eryn Luin;x
PROV951;Cerin Haleth;x
PROV952;Annost;x
PROV953;Forlond;x
PROV954;Mirimar;x
PROV955;Barad Annún;x
PROV956;Emyn Cûn;x
PROV957;Estemar;x
PROV958;Nadhron i-Nachar;x
PROV959;Sandariand;x
PROV960;Meneltarma;x
PROV961;Tol Morwen;x
PROV962;Tol Fuin;x
PROV963;Tol Himling;x
PROV964;Urunobel;x
PROV965;Mirilos;x
PROV966;Aamukuu;x
PROV967;Kuusila;x
PROV968;Ered Luin;x
PROV969;Azakhuzd;x
PROV970;Zagragathol;x
PROV971;Zirakbhund;x
PROV972;Mindon Bron;x
PROV973;Talath Rhûnúmeriador;x
PROV974;Eryn Númeriador;x
PROV975;Zigilgund;x
PROV976;Jänis-Leiri;x
PROV977;Nan Anghir;x
PROV978;Ruskea Vene;x
PROV979;Tyhjä Karhuntaloh;x
PROV980;Siida;x
PROV981;Pitkäranta;x
PROV982;Talath Himgar;x
PROV983;Kuska;x
PROV984;Ahûs;x
PROV985;Angsûl;x
PROV986;Nan Anghîril;x
PROV987;Dun Cairn;x
PROV988;Phaluran;x
PROV989;Nan Lóke;x
PROV990;Den Lóke;x
PROV991;Durkandar;x
PROV992;Ashkandur;x
PROV993;Gundabad;x
PROV994;Malenhad;x
PROV995;Parth Gurthil;x
PROV996;Litash;x
PROV997;Ravda;x
PROV998;Shedûn;x
PROV999;Mount Gram;x
PROV1000;Kala Uruk-Lûgât;x
PROV1001;Mindil Cargash;x
PROV1002;Aradhras;x
PROV1003;Dol Gormaen;x
PROV1004;Barad Eldanar;x
PROV1005;Minas Galanna;x
PROV1006;Esteldín;x
PROV1007;Net Riagaill;x
PROV1008;Minas Nen;x
PROV1009;Iant Methed;x
PROV1010;Combe;x
PROV1011;Staddle;x
PROV1012;Girdley;x
PROV1013;Bree;x
PROV1014;Iant Baranduin;x
PROV1015;Fornost Erain;x
PROV1016;Bar-i-Dongorath;x
PROV1017;Gobel Anglor;x
PROV1018;Maentiros;x
PROV1019;Emyn Gelin;x
PROV1020;Amon Losthoron;x
PROV1021;Talath Muil;x
PROV1022;Enedhrond;x
PROV1023;Minas Gonngoth;x
PROV1024;Gobel Paurruin;x
PROV1025;Bar Eketya;x
PROV1026;Annúminas;x
PROV1027;Barad Garan;x
PROV1028;Caras Celairnan;x
PROV1029;Little Delving;x
PROV1030;Greenholm;x
PROV1031;Michel Delving;x
PROV1032;Cottonbottom;x
PROV1033;Cor Wilishar;x
PROV1034;Iach Sarn;x
PROV1035;Deephallow;x
PROV1036;Sackville;x
PROV1037;Waymeet;x
PROV1038;Tuckborough;x
PROV1039;Frogmorton;x
PROV1040;Hobbiton;x
PROV1041;Greenfields;x
PROV1042;Forodwaith;x
PROV1043;Forodwaith;x
PROV1044;Forodwaith;x
PROV1045;Forodwaith;x
PROV1046;Forodwaith;x
PROV1047;Forodwaith;x
PROV1048;Forodwaith;x
PROV1049;Forodwaith;x
PROV1050;Forodwaith;x
PROV1051;Forodwaith;x
PROV1052;Forodwaith;x
PROV1053;Forodwaith;x
PROV1054;Forodwaith;x
PROV1055;Forodwaith (Uruk);x
PROV1056;Forodwaith;x
PROV1057;Forodwaith;x
PROV1058;Forodwaith;x
PROV1059;Forodwaith;x
PROV1060;Forodwaith;x
PROV1061;Forodwaith;x
PROV1062;Forodwaith;x
PROV1063;Forodwaith;x
PROV1064;Forodwaith;x
PROV1065;Forodwaith;x
PROV1066;Lake Evendim;x
PROV1067;Long Lake;x
PROV1068;Celdiun River;x
PROV1069;Celduin River;x
PROV1070;Celduin River;x
PROV1071;Celduin River;x
PROV1072;Celduin River;x
PROV1073;Celduin River;x
PROV1074;Celduin River;x
PROV1075;Rhúnaer;x
PROV1076;Rhúnaer;x
PROV1077;Rhúnaer;x
PROV1078;Rhúnaer;x
PROV1079;Sea of Núrnen;x
PROV1080;Anduin River;x
PROV1081;Anduin River;x
PROV1082;Anduin River;x
PROV1083;Anduin River;x
PROV1084;Anduin River;x
PROV1085;Anduin River;x
PROV1086;Anduin River;x
PROV1087;Anduin River;x
PROV1088;Anduin River;x
PROV1089;Anduin River;x
PROV1090;Nen Hithoel;x
PROV1091;Anduin River;x
PROV1092;Anduin River;x
PROV1093;Anduin River;x
PROV1094;Anduin River;x
PROV1095;Anduin River;x
PROV1096;Anduin River;x
PROV1097;Anduin River;x
PROV1098;Anduin River;x
PROV1099;Ethir Anduin;x
PROV1100;Bay of Belfalas;x
PROV1101;Bay of Belfalas;x
PROV1102;Bay of Belfalas;x
PROV1103;Bay of Belfalas;x
PROV1104;Ethir Harnen;x
PROV1105;Red Cliff Coast;x
PROV1106;Sea of Belegaer;x
PROV1107;Bay of Umbar;x
PROV1108;Sea of Belegaer;x
PROV1109;Sea of Belegaer;x
PROV1110;Sea of Belegaer;x
PROV1111;Sea of Belegaer;x
PROV1112;Sea of Belegaer;x
PROV1113;Lond Cobas;x
PROV1114;Sea of Belegaer;x
PROV1115;Lond Feren;x
PROV1116;Sea of Belegaer;x
PROV1117;Sea of Belegaer;x
PROV1118;Sea of Belegaer;x
PROV1119;Sea of Belegaer;x
PROV1120;Sea of Belegaer;x
PROV1121;Sea of Belegaer;x
PROV1122;Sea of Belegaer;x
PROV1123;Sea of Belegaer;x
PROV1124;Sea of Belegaer;x
PROV1125;Sea of Belegaer;x
PROV1126;Sea of Belegaer;x
PROV1127;Sea of Belegaer;x
PROV1128;Sea of Belegaer;x
PROV1129;Sea of Belegaer;x
PROV1130;Ethir Gwathló;x
PROV1131;Gwathló River;x
PROV1132;Gwathló River;x
PROV1133;Gwathló River;x
PROV1134;Gwathló River;x
PROV1135;Gwathló River;x
PROV1136;Sea of Belegaer;x
PROV1137;Sea of Belegaer;x
PROV1138;Sea of Belegaer;x
PROV1139;Sea of Belegaer;x
PROV1140;Sea of Belegaer;x
PROV1141;Sea of Belegaer;x
PROV1142;Sea of Belegaer;x
PROV1143;Gulf of Lhún;x
PROV1144;Sea of Belegaer;x
PROV1145;Hûb Conath;x
PROV1146;Sea of Belegaer;x
PROV1147;Icebay of Forochel;x
PROV1148;Lake Ata;x
PROV1149;Iovithil;x
PROV1150;Móril;x
PROV1151;Talath Annûi;x
PROV1152;Mänoriand;x
PROV1153;Gondlorthil;x
PROV1154;Rast Elmoth;x
PROV1155;Dor Maglor;x
PROV1156;Nan Forgelion;x
PROV1157;Kuru-Leiri;x
PROV1158;Näky-kolo;x
PROV1159;Barad Caranthir;x
PROV1160;Tum-i-Theryn;x
PROV1161;Gabilgathol;x
PROV1162;Azelanduzur;x
PROV1163;Nogrod;x
PROV1164;Annon Luin;x
PROV1165;Burkûl;x
PROV1166;Emyn Engrin;x
PROV1167;Avor Taul;x
PROV1168;Barad Draug;x
PROV1169;Shieldwall;x
PROV1170;Mordolt;x
PROV1171;Entwater Ford;x
PROV1172;Holgrund Hyll;x
PROV1173;Norcrofts;x
PROV1174;Garsfeld;x
PROV1175;Overwash;x
PROV1176;Tor Welig;x
PROV1177;Enedhriss;x
PROV1178;Caras Núrneledh;x
PROV1179;Caer Gurgust;x
PROV1180;Iengin;x
PROV1181;Thuilwaen;x
PROV1182;Carmalehaute;x
PROV1183;Bras Cuan;x
PROV1184;Dôl Bralran;x
PROV1185;Calthaiel;x
PROV1186;Minas Mellon;x
PROV1187;Clotrad;x
PROV1188;Amralaur;x
PROV1189;Iarrond;x
PROV1190;Torr;x
PROV1191;Amlaslo;x
PROV1192;Altil;x
PROV1193;Gwaehîlmoth;x
PROV1194;Cûban;x
PROV1195;Tharamauth;x
PROV1196;Dondril;x
PROV1197;Gobel Brildil;x
PROV1198;Delvarad;x
PROV1199;Ninepin;x
PROV1200;Fangoth;x
PROV1201;Arading;x
PROV1202;Annethir;x
PROV1203;Barad Eden;x
PROV1204;Minas Girithlin;x
PROV1205;Cirindor;x
PROV1206;Dol Nendin;x
PROV1207;Iach Mardi;x
PROV1208;Pinnath Nimren;x
PROV1209;Tiramarth;x
PROV1210;Clearwater Wells;x
PROV1211;Pinel;x
PROV1212;Maerian;x
PROV1213;Nan Hensir;x
PROV1214;Girwing;x
PROV1215;Bar Hirwen;x
PROV1216;Dinach;x
PROV1217;Caras Gwanoth;x
PROV1218;Bondorn;x
PROV1219;Brasshold;x
PROV1220;Freemain;x
PROV1221;Bar-en-Dindol;x
PROV1222;Denerond;x
PROV1223;Gobel Erenír;x
PROV1224;Mindolíriel;x
PROV1225;Îdhras;x
PROV1226;Cardhath Tawaren;x
PROV1227;Gondogod;x
PROV1228;Tharceleb;x
PROV1229;Ost Mablorn;x
PROV1230;Nan Hoarwell;x
PROV1231;Nîn-in-Eilph;x
PROV1232;Bannog Cadlus;x
PROV1233;Mirobel;x
PROV1234;Celebmar;x
PROV1235;Sâd-Thareg;x
PROV1236;Echad Eregion;x
PROV1237;Gwingris;x
PROV1238;Geann-a-Sruth;x
PROV1239;Glin-ar Faich;x
PROV1240;Carcheres;x
PROV1241;Oreth-Erhil;x
PROV1242;Barad Cam;x
PROV1243;Iach Bruinen;x
PROV1244;Lúthaglad;x
PROV1245;Etraim;x
PROV1246;Tum Dincelon;x
PROV1247;Smallforge;x
PROV1248;Galadharn;x
PROV1249;Harnalda;x
PROV1250;Andring;x
PROV1251;Tor Rétlu;x
PROV1252;Ceann Uisge;x
PROV1253;Cnocc Dergfine;x
PROV1254;Cnocc Dét;x
PROV1255;Uireas Bráighe;x
PROV1256;Túir Órfine;x
PROV1257;Ost Belegram;x
PROV1258;Talamh Dairireach;x
PROV1259;Carrac Lir;x
PROV1260;Dorn Brigit;x
PROV1261;Asstai Derg;x
PROV1262;Cauldburgh;x
PROV1263;Ardh Monada;x
PROV1264;Cnocc Ceó;x
PROV1265;Torc Ceó;x
PROV1266;Storugoruz;x
PROV1267;Dol Elril;x
PROV1268;Rugamba;x
PROV1269;Garth Agarwen;x
PROV1270;Ost Guruth;x
PROV1271;Talath Gaun;x
PROV1272;Nain Enidh;x
PROV1273;Cos Riagaill;x
PROV1274;Gersebroc;x
PROV1275;Cenn Badb;x
PROV1276;Dún Branmór;x
PROV1277;Cnocc Rét;x
PROV1278;Barad Thoron;x
PROV1279;Barad Ever;x
PROV1280;Chetwood;x
PROV1281;Nothrimos;x
PROV1282;Nyss-en-Rossiel;x
PROV1283;Trestlebridge;x
PROV1284;Norwarden;x
PROV1285;Overwine Hall;x
PROV1286;Bar Enedhil;x
PROV1287;Rood;x
PROV1288;Gistfell;x
PROV1289;Fânduin;x
PROV1290;Wibbleham;x
PROV1291;Axley Hall;x
PROV1292;Digby;x
PROV1293;Willowbottom;x
PROV1294;Longbottom;x
PROV1295;Hard-Bottle;x
PROV1296;Waincott;x
PROV1297;Nielros;x
PROV1298;Foxrun;x
PROV1299;Boulder-Cross;x
PROV1300;Tighfield;x
PROV1301;Longcleeve;x
PROV1302;Bindbale;x
PROV1303;Oatbarton;x
PROV1304;Norby;x
PROV1305;Hirholt;x
PROV1306;Tarmabar;x
PROV1307;Rond Hyar;x
PROV1308;Lalmhoth;x
PROV1309;Bar-en-Nêlbórath;x
PROV1310;Dor Lammenfirith;x
PROV1311;Nan Uialduin;x
PROV1312;Rimazan;x
PROV1313;Rildolach;x
PROV1314;Nan Himsiril;x
PROV1315;Larad;x
PROV1316;Taur Faemar;x
PROV1317;Lucun;x
PROV1318;Tharanin;x
PROV1319;Rond Morvin;x
PROV1320;Felemgil;x
PROV1321;Dol Bellas;x
PROV1322;Cornalas;x
PROV1323;Gobel Maeghoth;x
PROV1324;Caurrain;x
PROV1325;Calembar;x
PROV1326;Havirmarsh;x
PROV1327;Pel Nelbal;x
PROV1328;Barad Tharsir;x
PROV1329;Nan Nîn Erain;x
PROV1330;Oakley;x
PROV1331;Lakehead;x
PROV1332;Barad Heledh;x
PROV1333;Bar Baranorn;x
PROV1334;Enedhroth;x
PROV1335;Caras Fornen;x
PROV1336;Cerin Balgrist;x
PROV1337;Minas Arawruin;x
PROV1338;Cardh Finraen;x
PROV1339;Taur Orthon;x
PROV1340;Foros;x
PROV1341;Ost Faraneldir;x
PROV1342;Vesi-paistâ;x
PROV1343;Pynti-Peldot;x
PROV1344;Voi-teltta;x
PROV1345;Karhu-Leiri;x
PROV1346;Sûri-Kylä;x
PROV1347;Emyn Nimbrith;x
PROV1348;Parth Mewlip;x
PROV1349;Homela;x
PROV1350;Puohlimisten Satama;x
PROV1351;Kääntyvä Tie;x
PROV1352;Reodh Fuil;x
PROV1353;Pynti-Leiri;x
PROV1354;Highmoor;x
PROV1355;Cangûlhad;x
PROV1356;Wash Tundra;x
PROV1357;Taur Neffin;x
PROV1358;Barkil;x
PROV1359;Fulachtar;x
PROV1360;Mindil Kepich;x
PROV1361;Gûrzgawar;x
PROV1362;Kul-Murkai;x
PROV1363;Shartap-Krûal;x
PROV1364;Shartap-Srûfos;x
PROV1365;Maethad;x
PROV1366;Rhûnendin;x
PROV1367;Kalazoshk;x
PROV1368;Dublaigit;x
PROV1369;Zarak Dûm;x
PROV1370;Nan Lhúchir;x
PROV1371;Kosh-Madh;x
PROV1372;Kosh-Vor;x
PROV1373;Kosh-Largat;x
PROV1374;Ephel Angmar;x
PROV1375;Hûb Helcharaes;x
PROV1376;Hûb Helchui;x
PROV1377;Thliuhanastath;x
PROV1378;Etheburg;x
PROV1379;Burh Urés;x
PROV1380;Nan Fiskataiga;x
PROV1381;Vothisvatos Brunna;x
PROV1382;Forodim;x
PROV1383;Vadran;x
PROV1384;Kaerst;x
PROV1385;Gyagasorag;x
PROV1386;Joghul;x
PROV1387;Palcana;x
PROV1388;Khorgulkan;x
PROV1389;Kânrand;x
PROV1390;Ulkar;x
PROV1391;Koloda;x
PROV1392;Burh Oda;x
PROV1393;Togaï;x
PROV1394;Burh Mokba;x
PROV1395;Elgaer;x
PROV1396;Kelepar;x
PROV1397;Karlogul;x
PROV1398;Kolomok;x
PROV1399;Burh Brena;x
PROV1400;Lotan;x
PROV1401;Fokerdo;x
PROV1402;Burh Dragu;x
PROV1403;Burh Elya;x
PROV1404;Tundera Var;x
PROV1405;Burh Salenin;x
PROV1406;Durannon;x
PROV1407;Athorn Vale;x
PROV1408;Felbuzad;x
PROV1409;Althrith;x
PROV1410;Weld;x
PROV1411;Upper Sarkar Vale;x
PROV1412;Endyr;x
PROV1413;Linimer;x
PROV1414;Ûster;x
PROV1415;Kryl;x
PROV1416;Burh Dilin;x
PROV1417;Ulumur;x
PROV1418;Lygar;x
PROV1419;Kargagis;x
PROV1420;Kosang;x
PROV1421;Darshan-zar;x
PROV1422;Velike Suzdal;x
PROV1423;Vitorog;x
PROV1424;Aitar;x
PROV1425;Kusir;x
PROV1426;Lower Nan Taurduin;x
PROV1427;Celon Glossgond;x
PROV1428;Haudh-en-Avarrim;x
PROV1429;Haudh-en-Aiganaur;x
PROV1430;Flahoz-Blogrûm;x
PROV1431;Esgaldor;x
PROV1432;Gulch Hill;x
PROV1433;Hrigg Vidukuni;x
PROV1434;Emyn Lûm;x
PROV1435;Emyn Guldur;x
PROV1436;Dur-Lun;x
PROV1437;Meonid's Watch;x
PROV1438;Sonathor's Mound;x
PROV1439;Rushdown Vale;x
PROV1440;Vegbár;x
PROV1441;Hultvís;x
PROV1442;Thinglad;x
PROV1443;Gollum's Cave;x
PROV1444;Zagh Kala;x
PROV1445;Helvorn;x
PROV1446;Lag Sharak;x
PROV1447;Tir Morbad;x
PROV1448;Isen Vale;x
PROV1449;Guayutir;x
PROV1450;Druwaur;x
PROV1451;Dun Arailt;x
PROV1452;Dunstrem Vale;x
PROV1453;Carnach;x
PROV1454;Daithen;x
PROV1455;Maes Hen;x
PROV1456;Maes Coed;x
PROV1457;Brolgwig;x
PROV1458;New Maresh;x
PROV1459;Gwen Coit;x
PROV1460;Corcenis;x
PROV1461;Iolair;x
PROV1462;Vindacil;x
PROV1463;Harthunn;x
PROV1464;Caramathaon;x
PROV1465;Dun Fidach;x
PROV1466;Coit Cerdd;x
PROV1467;Fearachas;x
PROV1468;Dun Bhainnan;x
PROV1469;Craig-y-Din;x
PROV1470;Cartrev Matho;x
PROV1471;Lhanuch;x
PROV1472;Dun Firdach;x
###################;x }
##### REGIONS #####;x {
###################;x
HRU_loc;@HRU §YHarûzan§!\n§I;x
EEL_loc;@EEL §YEagles of Ered Luin§!\n§I;x
STF_loc;@STF §YSpiders of Tol Fuin§!\n§I;x
OST_loc;@OST §YOrcs of Ost-in-Edhil§!\n§I;x
tan_color_loc;§T;x
DAL_bard_i_born_loc;§TBard I§! was born in §TJune§! of §TTA 2898§!§I;x
RHR_loc;@RHR §YHillmen of Rhudaur§!\n§I;x
outlaws_cleared_loc;§GThe local militia and any military units have cleared the province of outlaws, and as such will no longer suffer the effects§!§I;x
CHE_loc;@CHE §YChelkar§!\n§I;x
DAL_northman_generals_grammas_oyvind_loc;Oyvind (owns Erland's Ferry, year is at least 2990);x
BLG_loc;@BLG §YBelegost§!\n§I;x
SAG_loc;@SAG §YSagathavuld§!\n§I;x
HRN_loc;@HRN §YHarnendor§!\n§I;x
HAR_loc;@HAR §YHaradrim Tribes§!\n§I;x
ANF_loc;@ANF §YAnfalas§!\n§I;x
RUN_loc;@RUN §YReunited Kingdom§!\n§I;x
RIV_break_dal_hegemony_loc;§GWe must win this war and get our CB fulfilled. If we lose or whitepeace, DAL will puppet us (and likely annex us via flavor).§!§I;x
HWD_loc;@HWD §YHouse of the Wind§!\n§I;x
DEV_loc;@DEV §YDrúedain of Eyrn Vorn§!\n§I;x
admiral_loc;§TAdmirals§!;x
fourth_age_start_date_loc;The Fourth Age hasn't started yet§I;x
DAL_military_leaders_elstan_loc;§LElstan, §MFirst Captain of Dale§!|;x
railroading_tag_specific_description_loc_2;§I;x
railroading_tag_specific_description_loc_1;§I;x
BCK_loc;@BCK §YHobbits of Buckland§!\n§I;x
DA2_loc;@DA2 §YKaupaborg§!\n§I;x
DND_loc;@DND §YDúnedain of the North§!\n§I;x
LAM_loc;@LAM §YLamedon§!\n§I;x
green_color_loc;§G;x
railroading_tag_specific_description_loc_8;§I;x
railroading_tag_specific_description_loc_7;§I;x
railroading_tag_specific_description_loc_9;§I;x
railroading_tag_specific_description_loc_4;§I;x
railroading_tag_specific_description_loc_3;§I;x
railroading_tag_specific_description_loc_6;§I;x
railroading_tag_specific_description_loc_5;§I;x
DAL_military_leaders_unrecruited_bryn_loc;§MHe will be recruited around the year 3005 if§!;x
ART_loc;@ART §YKingdom of Arthedain§!\n§I;x
TRO_loc;@TRO §YTrollshaws§!\n§I;x
DAL_leader_traits_productive_loc;§TProductive§!| Guild Output §G+10.0%§!, RGO Output §G+10.0%§!, Administrative Efficiency §G+10.0%§!;x
DAL_leader_traits_house_of_bard_loc;§TOf the House of Bard§!| Pop Consciousness §G-0.01§!;x
KUG_loc;@KUG §YKugavuld§!\n§I;x
DOR_loc;@DOR §YKingdom of Dorwinion§!\n§I;x
DAL_military_leaders_unrecruited_girloth_loc;§MHe will be recruited around the year 3045 if§!;x
DAL_trading_realm_count_loc;§WWe are currently trading with §Y2§! realms:\n§I;x
DAL_military_leaders_brand_i_an_adult_loc;Brand I is an adult§!,;x
HRV_loc;@HRV §YHarvaneth§!\n§I;x
DAL_northman_generals_grammas_frithalf_loc;Frithalf§!,;x
DTU_loc;@DTU §YTurch-Lûth§!\n§I;x
ESG_loc;@ESG §YEsgaroth-upon-the-Long-Lake§!\n§I;x
LSF_loc;@LSF §YLossoth of Forochel§!\n§I;x
SHI_loc;@SHI §YHobbits of the Shire§!\n§I;x
DDR_loc;@DDR §YDraig-Lûth§!\n§I;x
end_color_loc;§!;x
ADR_loc;@ADR §YAndrast§!\n§I;x
AMO_loc;@AMO §YAmov Clan§!\n§I;x
GON_loc;@GON §YKingdom of Gondor§!\n§I;x
WRM_loc;@WRM §YWoodland Realm§!\n§I;x
SYL_loc;@SYL §YOld Sylvana§!\n§I;x
DAL_northman_generals_rivermen_gotten_loc;§TWe have recruited the following Rivermen Thegans§!|;x
FOR_loc;@FOR §YWorld Bank§!\n§I;x
DAL_military_leaders_brand_i_married_loc;Brand I has been married§!,;x
ARN_loc;@ARN §YKingdom of Arnor§!\n§I;x
GNR_loc;@GNR §YTurmen Hyallondiéva§!\n§I;x
MRN_loc;@MRN §YMornan§!\n§I;x
DAL_leader_traits_the_bowman_loc;§TThe Bowman§!| Army Tech Research §G+2.0%§!;x
DAL_military_leaders_unrecruited_lodin_loc;§MHe will be recruited around the year 3005 if we own Dale§!;x
DAL_leader_traits_first_king_of_dale_loc;§TFirst King of Dale§!| Prestige §G+0.010§!, Pop Militancy §G-0.01§!, Pop Consciousness §G-0.01§!, Organization Regain Rate §G+5.0%§!;x
DAL_reforms_bard_i_loc;§GThis decision will either give us the reforms of Bard I for free, or, if we have completed all of Bard I's reforms, it will give us some prestige and reduce popular anxiety. If some of Bard's reforms have been completed or superceded, our reforms will not regress§!\n§I;x
DAL_northman_generals_rivermen_nomrel_loc;Nomrel (Myrrborg)§!,;x
DAL_military_leaders_bryn_loc;§LBryn, §MRoyal Warrior§!|;x
LIN_loc;@LIN §YRealm of Lindon§!\n§I;x
KHA_loc;@KHA §YVariags of Khand§!\n§I;x
DAL_king_of_adhalling_loc;§GAdhalling§!,;x
DAL_king_of_the_northmen_loc;King of the Northmen;x
DAL_leader_traits_expansive_loc;§TExpansive§!| Supply Consumption §R+25.0%§!, Organization Regain Rate §G+5.0%§!, Land Organisation §G+5.0%§!, Minimum Military Spending §G+25.0%§!, Infamy §R+0.01§!, Casus Belli Acquisition Speed §G+25.0%§!;x
EAG_loc;@EAG §YEagles of the Eyrie§!\n§I;x
DA1_loc;@DA1 §YRiverrun§!\n§I;x
DAL_bain_i_born_loc;§TBain I§! was born in §TJuly§! of §TTA 2928§!§I;x
DAL_northman_generals_rivermen_not_gotton_loc;§TThe following Rivermen Thegans have chosen to not join us§!|;x
DUC_loc;@DUC §YUch-Lûth§!\n§I;x
DA4_loc;@DA4 §YNaertheiaborg§!\n§I;x
DAL_military_leaders_bard_ii_born_loc;Bard II has been born§!,;x
LGV_loc;@LGV §YLogathavuld§!\n§I;x
DAL_military_leaders_girloth_loc;§LGirloth, §MRoyal General§!|;x
DAL_king_of_the_northmen_currently_ruling_over_loc;§TWe currently rule over the following cultures§!|;x
ITH_loc;@ITH §YPrincipality of Ithilien§!\n§I;x
HRD_loc;@HRD §YHarondor§!\n§I;x
DRU_loc;@DRU §YDrúedain of Drúedain Forest§!\n§I;x
BRK_loc;@BRK §YBarukkizdîn§!\n§I;x
MEL_loc;@MEL §YMelburg§!\n§I;x
DAL_military_leaders_brestir_loc;§LBrestir the Old§!|;x
DAL_northman_generals_rivermen_aridan_loc;Aridain (Riverrun)§!,;x
BEO_loc;@BEO §YBeornings of the Vale§!\n§I;x
DAL_bard_i_only_loc;§RThis decision can only be taken while §YBard I§R is your leader§!§I;x
EHW_loc;@EHW §YEhwathrumavuld§!\n§I;x
GMG_loc;@GMG §YGrey Mountain Goblins§!\n§I;x
military_leader_recruited_loc;§GThis leader has been recruited§!;x
NUM_loc;@NUM §YRemnants of Númenor§!\n§I;x
TOL_loc;@TOL §YIsle of Tolfalas§!\n§I;x
UMB_loc;@UMB §YCorsairs of Umbar§!\n§I;x
SNO_loc;@SNO §YSnow Orcs of the North§!\n§I;x
DAL_trade_with_other_realms_desc_loc;Propose trade agreements with realms you are adjacent to! When a realm accepts, both you and your trade partner may get a small economic boost. Esgaroth will display your current level of economic boost.;x
DAL_northman_generals_grammas_not_gotten_loc;§TWe have not yet recruited the following Lords of Riding§!|;x
NGD_loc;@NGD §YNogrod§!\n§I;x
shire_reckoning_loc;The year is 0 by Shire Reckoning§I;x
DWM_loc;@DWM §YDwarves of the White Mountains§!\n§I;x
DAL_activate_celduin_pirates_loc;§GThis will activate the Celduin Pirates mechanic. Realms with Rivermen as their primary culture are immune to the pirates.§!§I;x
FAN_loc;@FAN §YEnts of Fangorn§!\n§I;x
DAL_bard_ii_age_loc;§TBard II§! has not yet been born§I;x
DAL_king_of_rivermen_loc;Rivermen;x
empty_line_loc;\n;x
DHE_loc;@DHE §YHebog-Lûth§!\n§I;x
ALG_loc;@ALG §YAlgraig§!\n§I;x
DAL_leader_traits_dragon_slayer_loc;§TDragon Slayer§!| Prestige §G+0.025§!, Pop Militancy §G-0.01§!, Pop Consciousness §G-0.01§!;x
ADB_loc;@ADB §YKingdom of Adûnabâr§!\n§I;x
MOR_loc;@MOR §YScourge of Mordor§!\n§I;x
DAL_northman_generals_rivermen_geirmund_loc;Geirmund (Naertheiaborg);x
DA3_loc;@DA3 §YMyrrborg§!\n§I;x
DAL_military_leaders_lodin_loc;§LLodin, §MCaptain of the Royal Archers§!|;x
GUL_loc;@GUL §YDol Guldur§!\n§I;x
IRO_loc;@IRO §YLordship of the Iron Hills§!\n§I;x
military_leader_started_with_loc;§GWe started with this military leader§!;x
hunting_outlaws_loc;§GThe local militia and any military units in the area will start searching for the outlaws and their base§!§I;x
DAL_brand_i_born_loc;§TBrand I§! has not yet been born§I;x
LOR_loc;@LOR §YRealm of Lothlórien§!\n§I;x
GMO_loc;@GMO §YGoblins of Moria§!\n§I;x
KHZ_loc;@KHZ §YKhazadbizar§!\n§I;x
MET_loc;@MET §YMetraith§!\n§I;x
NRN_loc;@NRN §YNurunk Khizdín§!\n§I;x
BAR_loc;@BAR §YBarrow-wights§!\n§I;x
DAL_military_leaders_bryn_born_loc;Bryn has been born§!;x
DAL_king_of_grammas_loc;Grammas§!,;x
LEB_loc;@LEB §YLebennin§!\n§I;x
DAL_northman_generals_rivermen_desc_loc;The Rivermen Thegans will spawn only if their realm willingly joins the Barding Realm through scripted diplomatic actions.;x
DAL_northmen_generals_loc;Lords of Riding and Rivermen Thegans;x
MAN_loc;@MAN §YMen of Angmar§!\n§I;x
ENE_loc;@ENE §YEnedwaithrim§!\n§I;x
ROH_loc;@ROH §YKingdom of Rohan§!\n§I;x
DAL_loc;@DAL §YBarding Realm§!\n§I;x
DCA_loc;@DCA §YCaru-Lûth§!\n§I;x
ISE_loc;@ISE §YRealm of Isengard§!\n§I;x
ADH_loc;@ADH §YAdhallings of the Mirkwood Eaves§!\n§I;x
DAL_military_leaders_girion_ii_born_loc;Girion II has been born§!,;x
DAL_king_of_the_northmen_desc_loc;Rule each Northman culture within Gramavuld!;x
DAL_brand_i_age_loc;§TBrand I§! has not yet been born§I;x
KHU_loc;@KHU §YAnnâk-khurfu§!\n§I;x
GGT_loc;@GGT §YGoblins of Goblin Town§!\n§I;x
DAL_constructing_meres_end_boat_lift_money_loc;§GIf we do not have the necessary technology to rebuilt the boatlift, but Erebor does, this decision will cost 100,000 pounds instead of 50,000, with 50,000 of those pounds being sent to Erebor§!\n§I;x
MAU_loc;@MAU §YStoors of Maur Tulhau§!\n§I;x
ERE_loc;@ERE §YKingdom of Erebor§!\n§I;x
FRA_loc;@FRA §YFramsburg§!\n§I;x
DAL_military_leaders_girloth_born_loc;Girloth has been born§!;x
LOS_loc;@LOS §YLossarnach§!\n§I;x
DAL_military_leaders_bard_ii_married_loc;Bard II has been married§!,;x
SHE_loc;@SHE §YShelob's Domain§!\n§I;x
DAL_trade_with_other_realms_loc;§GTrade with Other Realms§!;x
KHG_loc;@KHG §YKhagolabbad Faraku§!\n§I;x
DOU_loc;@DOU §YDourhands of Ered Luin§!\n§I;x
railroading_tag_specific_description_loc_12;§I;x
railroading_tag_specific_description_loc_10;§I;x
railroading_tag_specific_description_loc_11;§I;x
DAL_trading_mechanic_notes_loc;§RNote that the count is updated every 30 days. The list of realms you are currently trading with will always be up-to-date§!\n§I;x
LAR_loc;@LAR §YSnow Orcs of Lar Huz§!\n§I;x
SEK_loc;@SEK §YSekelavuld§!\n§I;x
RHU_loc;@RHU §YRealm of the Easterlings§!\n§I;x
RAV_loc;@RAV §YRavens of Erebor§!\n§I;x
DAL_invite_grammas_loc;§GInvitations will be sent to the Grammas villages. It may take some time - months or even years - to receive a response back from each province...§!§I;x
DRA_loc;@DRA §YDunir of Angast§!\n§I;x
BOM_loc;@BOM §YBombadil of the Old Forest§!\n§I;x
BRE_loc;@BRE §YFree Peoples of Bree§!\n§I;x
URG_loc;@URG §YUrgathavuld§!\n§I;x
DAL_northman_generals_grammas_eynar_loc;Eynar (owns Grasgard, year is at least 2970)§!,;x
LMW_loc;@LMW §YMarsh-wights§!\n§I;x
traits_loc;§MTraits§!;x
LYN_loc;@LYN §YStoors of Lyndelby§!\n§I;x
WOO_loc;@WOO §YWoodsmen of the Vale§!\n§I;x
DAL_northman_generals_rivermen_undecided_loc;§TThe following Rivermen Thegans have not decided if they will be joining us§!|;x
military_leader_not_recruited_loc;§MThis leader has not yet been recruited.§!;x
DAL_constructing_meres_end_boat_lift_loc;§GWhen the boat life finishes construction, all provinces adjacent to Long Lake will gain a modifier slightly increasing artisan, guild and rgo output.§!§I;x
DAL_bain_i_age_loc;§TBain I§! is currently §T25§! years old§I;x
GUN_loc;@GUN §YOrcs of Gundabad§!\n§I;x
DAL_send_ultimatum_to_rivermen_loc;§GAn ultimatum will be sent to each of the Rivermen minors. If they accept, they will become our puppets. If they refuse, we will declare war to annex them.§!§I;x
OBS_loc;@OBS §YOathbreakers§!\n§I;x
STO_loc;@STO §YStoors of the Gladden§!\n§I;x
WND_loc;@WND §YWindan Elves of Harlindon§!\n§I;x
general_loc;§TGenerals§!;x
ALA_loc;@ALA §YAlatar's Realm§!\n§I;x
maroon_color_loc;§M;x
recent_raid_loc;§REven if the tool tip only says that this event removes Recent Raid, the province will get the modifier Recent Raid for 1 year§!§I;x
PUK_loc;@PUK §YDrúedain of Drúwaith Iaur§!\n§I;x
MIR_loc;@MIR §YSpiders of Mirkwood§!\n§I;x
RIV_loc;@RIV §YRivermen of the Celduin§!\n§I;x
DAL_king_of_lakemen_loc;§GLakemen§!,;x
empty_line_decisions_loc;\n§I;x
GWA_loc;@GWA §YGwathirim§!\n§I;x
DAL_bard_ii_born_loc;§TBard II§! has not yet been born§I;x
IML_loc;@IML §YRealm of Imladris§!\n§I;x
fourth_age_year_loc;The Fourth Age hasn't started yet§I;x
ANO_loc;@ANO §YAnórien§!\n§I;x
EMB_loc;@EMB §YEmyn Beriad§!\n§I;x
DAL_leader_traits_dwarf_friend_loc;§TDwarf-friend§!| Diplomatic Points §G+15.0%§!;x
RAD_loc;@RAD §YRadagast of Rhosgobel§!\n§I;x
DUN_loc;@DUN §YUnited Dunland§!\n§I;x
SBU_loc;@SBU §YShire-Breeland Union§!\n§I;x
MTN_loc;@MTN §YUrukdurbzagh§!\n§I;x
WEA_loc;@WEA §YWeathertop§!\n§I;x
NUR_loc;@NUR §YVariags of Nûrn§!\n§I;x
DAL_northman_generals_grammas_desc_loc;The Lords of Riding will only spawn if Grammas is accepted, and if any conditions in parenthesis are met.;x
DAL_northman_generals_rivermen_kynodin_loc;Kynodin (Kaupaborg)§!,;x
BLU_loc;@BLU §YDwarves of Ered Luin§!\n§I;x
AMR_loc;@AMR §YPrincipality of Dol Amroth§!\n§I;x
EDH_loc;@EDH §YElves of Edhellond§!\n§I;x
THO_loc;@THO §YThorin's Halls§!\n§I;x
ETT_loc;@ETT §YTroll-fells§!\n§I;x
DAL_military_leaders_bard_ii_an_adult_loc;Bard II is an adult§!,;x
ARY_loc;@ARY §YArysis§!\n§I;x
DAL_colonize_grammas_province_loc;§GA random uncolonized core of the Grammas that is adjacent to our realm will join!§!§I;x
GRA_loc;@GRA §YGrammas of Gramavuld§!\n§I;x
DRH_loc;@DRH §YWildmen of Haerawreigion§!\n§I;x
DAL_northman_generals_desc_loc;Unite the Grammas and Rivermen under the banner of Dale to unlock the Grammas' Lords of Riding and the Rivermen's Thegans!;x
DAL_king_of_the_northman_not_ruling_over_loc;§TWe do not currently rule over the following cultures§!|;x
PEZ_loc;@PEZ §YPezarsan§!\n§I;x
DAL_bard_i_age_loc;§TBard I§! is currently §T55§! years old§I;x
DAL_bain_i_only_loc;§RThis decision can only be taken while §YBain I§R is your leader§!§I;x
CAR_loc;@CAR §YKingdom of Cardolan§!\n§I;x
DAL_proclaim_lord_of_rivermen_loc;§GThe Thegens of our Rivermen puppets will willingly join our army.§!§I;x
RME_loc;@RME §YRómenost§!\n§I;x
DAL_northman_generals_grammas_gotten_loc;§TWe have recruited the following Lords of Riding§!|;x
DAL_military_leaders_braga_loc;§LBraga, §MFirst Captain of Esgaroth§!|;x
RHO_loc;@RHO §YRhovanion§!\n§I;x
LUR_loc;@LUR §YLûrmsakûn§!\n§I;x
GON_4;Far Anórien;x
GON_14;Talath Anór;x
GON_16;Old Anórien;x
GON_23;Ethir Erui;x
GON_27;Lossarnach;x
GON_37;Upper Lebennin;x
GON_44;Talath Lothen;x
GON_46;Lower Lebennin;x
GON_51;Methed Lebennin;x
GON_56;Tolfalas;x
GON_57;Emyn Ernil;x
GON_63;Cape Belfalas;x
GON_71;Dor-en-Ernil;x
GON_72;Ered Tarthonion;x
GON_77;Lonnath-en-Belfalas;x
GON_78;Dor-en-Edhel;x
GON_81;Tarnost;x
GON_89;Central Gondor;x
GON_92;Lamedon;x
GON_98;Tarlang;x
GON_102;Blackroot Vale;x
GON_105;Lower Morthond Vale;x
GON_110;Paths of the Dead;x
LIN_111;Forlindon;x
GON_114;Upper Morthond Vale;x
GON_118;Taerdôrath Rhúnen;x
GON_123;Pinnath Gelin;x
GON_133;Anfalas;x
GON_134;Langstrand;x
LIN_137;Dor Leithan;x
GON_146;Parth Feren;x
BRE_148;Bree-land Wilds;x
ERE_151;Ered Mithrin;x
GON_154;Nan-i-Faroth;x
GON_160;Nan Lefnui;x
GON_165;Angast;x
GON_169;Ras Morthil;x
GON_175;Perth Iaur;x
GON_183;Haerawreigion;x
GON_186;Annûndrúwaith Iaur;x
GON_188;Central Drúwaith Iaur;x
GON_194;Rhûndrúwaith Iaur;x
GON_198;Forithilien;x
GON_205;Emyn Arnen;x
GON_212;Harithilien;x
GON_216;Eredtir;x
GON_226;Laergaladrín;x
GON_228;Harfalas;x
GON_232;Forethir;x
GON_238;Rhuntir;x
GON_249;Eraguk;x
GON_253;Carnentir;x
UMB_256;Sakal an-Khar;x
UMB_260;Glínfalas;x
UMB_263;Tol Uialgaer;x
UMB_270;Marös;x
UMB_273;Sakal-Pharaz;x
HAR_277;Talath Naur;x
HAR_286;Nînzayan;x
HAR_288;Harwan;x
ERE_291;Withered Heath;x
HAR_293;Pezarsan;x
DND_307;Emyn Sûl;x
HAR_310;Siakan;x
HAR_312;Velarith;x
HAR_322;Haradwaith;x
HAR_334;Harûzan;x
KHA_342;Muzeida Vale;x
KHA_344;Ered Harmal;x
KHA_348;Kajbah;x
HAR_356;Lûrmsakûn;x
KHA_357;Khandu Sûrakh;x
KHA_361;Desert of Khand;x
KHA_362;Khandu Itakh;x
KHA_364;Wizard's Wanderings;x
CAR_365;Tyrn Gorthad;x
KHA_366;Khandu Amú;x
KHA_376;Khandu Khûr;x
KHA_380;Khandu Prakhod;x
KHA_387;Khandu Khûrvesra;x
KHA_391;Khandu Ylâ;x
MOR_396;Ered Lithui;x
MOR_397;Eastern Desolation;x
MOR_399;Khandu Ûda;x
MOR_404;Southern Nurza-Shukh;x
MOR_408;Ephel Dûath;x
MOR_411;Maegond;x
MOR_412;Ghurzun;x
MOR_418;Northern Nurza-Shukh;x
MOR_421;Gap of Nurza-Shûk;x
MOR_423;Lithlad;x
MOR_429;Thark Kûfnaz;x
MOR_433;Imlad Morgûl;x
MOR_440;Morgai;x
MOR_449;Bauglith-en-Sauron;x
MOR_455;Udûn;x
RHO_458;Dagorlad;x
RHO_461;The Desolation;x
RHO_462;Nindalf;x
RHO_465;Emyn Muil;x
RHO_472;Brown Lands;x
RHO_474;Uvanwaith;x
RHO_476;Talath Harroch;x
RHO_484;Upper Othnen Vale;x
RHO_489;Lower Othnen Vale;x
RHO_491;Sagathavuld;x
RHO_500;Dor Rewinion;x
RHO_507;Dor Rhúnen;x
RHO_508;Lower Sekelavuld;x
RHO_515;Upper Sekelavuld;x
RHO_520;Austrabuht;x
RHO_523;High Hand;x
RHO_524;Arkran;x
RHO_525;West Dunheath;x
RHO_528;East Dunheath;x
RHO_535;Deneral;x
DOR_539;Folyavuld;x
DOR_545;Dobok Rhín;x
DOR_550;Parta Rokantha;x
DOR_551;Eastern Hills;x
DOR_553;Uldona Vale;x
DOR_555;Austronei Hallus;x
DOR_558;Cairn Angle;x
RHU_560;Riav;x
RHU_564;Dacranamel;x
RHU_566;Ethir Sûrûbeki;x
RHU_568;Sûrûbeki Vale;x
RHU_571;Western Gathod;x
RHU_578;Kara Kalpak;x
RHU_580;Eastern Gathod;x
RHU_587;Morad;x
RHU_590;Menelothriand;x
RHU_598;Southern Telaith Lyst;x
RHU_600;Northern Telaith Lyst;x
RHU_601;Mayzri;x
RHU_602;Leshen;x
RHU_603;Kug Valley;x
RHU_604;Agasha Dag;x
RHU_606;Southern Gazar Utal;x
RHU_611;Govedalend;x
RHU_616;Barren Wastes;x
RHU_619;Northern Gazar Utal;x
RHU_622;Gazar Ibar;x
RHU_625;Eastern Gazar Barak;x
RHU_628;Western Gazar Barak;x
RHU_629;Southern Gazar Narkad;x
RHU_632;Southern Gazar Gord;x
RHU_634;Northern Gazar Narkad;x
DAL_640;Upper Marches;x
DAL_642;Salenin Vale;x
DAL_643;Nether Marches;x
DAL_645;Nan Celduin;x
DAL_652;Dalelands;x
DAL_654;Nan Annen;x
ERE_657;Dádhrik's Gap;x
ERE_660;Mountainlands;x
ERE_665;Talath Huz;x
ERE_668;Nan Morsereg;x
ERE_669;Iron Hills;x
ERE_681;Cirith Gondmaeglorn;x
ERE_682;Cirith Himninond;x
ERE_686;The Narrows;x
WRM_692;Woodland Realm;x
WRM_696;Foreryn Galen;x
WRM_697;Annûneryn Galen;x
MIR_704;Taur-nu-Fuin;x
MIR_706;Emyn-i-Thang;x
WOO_709;Woodman's Realm;x
MIR_717;Angaladh;x
MIR_718;Mirkwood Narrows;x
GUL_727;Necromancer's Realm;x
AND_732;Nan Anduin;x
BEO_733;Lower Carrock;x
BEO_737;Upper Carrock;x
ANV_740;Greylin Vale;x
ANV_745;Rónen-in-Anduin;x
ANV_748;Langflood;x
BEO_751;Middle Vales;x
STO_757;Gladden Fields;x
LOR_765;Lothlórien;x
LOR_769;Parth Celebrant;x
FAN_773;Fangorn;x
ROH_774;Upper East Emnet;x
ROH_775;The Wold;x
ROH_779;Central East Emnet;x
ROH_780;Lower East Emnet;x
ROH_785;Mouths of the Entwash;x
ROH_786;Lower Eastfold;x
ROH_791;Upper Eastfold;x
ROH_794;Folde;x
GON_796;White Mountains;x
ROH_798;Westfold;x
ROH_801;Lower West Emnet;x
ROH_802;Upper West Emnet;x
ROH_805;Gap of Rohan;x
ROH_808;West-march;x
ISE_811;Nan Curunír;x
ENE_822;Angrast;x
ENE_825;Magur;x
ENE_830;Dor Wathui;x
DUN_833;Carreglyn;x
DUN_834;Dunfearn;x
DUN_835;Trum Dreng;x
ENE_836;Reedwater Vale;x
ENE_837;Greyflood Vale;x
ENE_838;Winterdowns;x
DUN_839;Mournshaws;x
DUN_840;Fordirith;x
GMO_843;Dark of Moria;x
GOB_847;Hithaeglir;x
GGT_849;High Pass;x
RHU_855;Muir Cairn;x
RHU_859;Rann Gasta;x
DND_862;Nan Brethil;x
DND_863;Dor-en-Egladil;x
IML_865;Elven Fells;x
IML_868;Foreregion;x
IML_871;Talath Dindal;x
IML_874;South Hollin;x
IML_875;Sruth Líath Marches;x
CAR_878;Faerdor;x
CAR_882;Tyrn Harn;x
CAR_883;Mindornath;x
CAR_886;Pinnath Ceren;x
CAR_890;Rohwaen;x
CAR_891;Nimiand;x
CAR_893;Little Caledir;x
CAR_894;Dol Caledir;x
CAR_900;Enedbund;x
CAR_902;Upper Saerlann;x
CAR_905;Lower Saerlann;x
CAR_907;Fonntir;x
CAR_912;Rast Vorn;x
BLU_914;Harvaneth;x
BLU_915;Old Sylvana;x
BLU_917;Southern Ered Luin;x
LIN_921;Dânwaith;x
LIN_926;Elvaedhorien;x
LIN_929;Harlindon;x
LIN_933;Emyn Beraid;x
LIN_936;Rhûlindon;x
BLU_940;Dor Lelvin;x
BLU_942;Khazadbizar;x
BLU_947;Vale of Thrain;x
LIN_953;Galfalas;x
LIN_955;Geleidhien;x
LIN_957;Estoriand;x
NUM_960;Ruins of Númenor;x
LIN_962;Western Islands;x
LIN_964;Forthargelion;x
BLU_968;Ered Luin;x
BLU_972;Númeriador;x
BLU_975;Lódalf;x
LOS_977;Forochel;x
LOS_979;Talath Uichel;x
LOS_980;Emyn Helch;x
ANG_985;Nan Angmar;x
ANG_987;Kanclemas;x
ANG_988;Tulban;x
GUN_993;Gundalok;x
ANG_996;Talath Litash;x
ANG_999;Dur-Lûgata;x
ANG_1004;En Udanoriath;x
DND_1005;Uilad;x
DND_1007;Tír Or;x
DND_1009;Férroen;x
BRE_1013;Bree-land;x
BRE_1014;Nan Turnath;x
DND_1015;Tyrn Formen;x
DND_1022;Gondpinnath;x
DND_1023;Emyn Uial;x
DND_1025;Eketyaménya;x
DND_1026;Royal Fold;x
DND_1028;Luinardhon;x
SHI_1030;Westmarch;x
SHI_1031;Westfarthing;x
SHI_1034;Sarn Marches;x
SHI_1036;Southfarthing;x
SHI_1040;Eastfarthing;x
SHI_1041;Northfarthing;x
FOR_1042;Northern Wastes;x
LIN_1153;Thargelion;x
LOS_1158;Talvi-mûri;x
ERE_1166;Emyn Engrin;x
CAR_1179;Henlan;x
CAR_1202;Girithlin Highlands;x
CAR_1204;Girithlin;x
CAR_1207;Sarnladen;x
CAR_1208;Dol Tinereb;x
CAR_1224;Gwathlo Marches;x
IML_1239;Cirith Narugorch;x
RHU_1253;Caill na Trowe;x
RHU_1257;Glenn Crec;x
RHU_1260;Coiced Cíall;x
RHU_1264;Coiced Caradaingen;x
DND_1269;En Eredoriath;x
BRE_1284;Uimirrildor;x
DND_1309;Hyarmenyaména;x
DND_1323;Oroménya;x
DND_1328;Nengaren;x
DND_1335;Foroménya;x
DND_1341;Northern March;x
LOS_1343;Itä-mâ;x
LOS_1346;Hyvämetsästyksen Maa;x
DND_1355;Rammas Forod;x
DND_1358;Cilab;x
ANG_1371;Dur-Kosha;x
ANG_1374;Ephel Angmar;x
DAL_1377;Medes;x
RHO_1379;Taj-Urés;x
RHO_1382;Ehwathrumavuld;x
RHU_1416;Northern Gazar Gord;x
GUL_1436;Southern Mirkwood;x
GMO_1443;Misty Mountain Tunnels;x
DUN_1448;Isendale;x
DUN_1450;Gravenwood;x
